{
	"pages": [
		/* 首页 */
		{
			"path": "pages/index/index",
			"style": {
				"navigationStyle": "custom"
			}
		},
		// 诺亚方舟
		{
			"path": "pages/index/nyfz",
			"style": {
				"navigationStyle": "custom"
			}
		},
		// 云数币
		{
			"path": "pages/index/ysb",
			"style": {
				"navigationStyle": "custom"
			}
		},
		// 云数币 私募申请通道
		{
			"path": "pages/index/ysb-sq",
			"style": {
				"navigationStyle": "custom"
			}
		},
		// 数字魅力 - 理财产品
		{
			"path": "pages/index/szml-2",
			"style":{
				"navigationStyle": "custom"
			}
		},
		// 我的
		{
			"path": "pages/index/my",
			"style": {
				"navigationStyle": "custom"
			}
		},

		/**
			非tab页
		*/


		// 新闻详情
		{
			"path": "pages/index/news_detail",
			"style": {
				"navigationStyle": "custom",
				"navigationBarTitleText": "详情",
				"navigationBarBackgroundColor":"#FFF",
				"navigationBarTextStyle":"black"
			}
		},
		// 诺亚方舟 - 资产申请
		{
			"path":"pages/index/nyfz_detail",
			"style":{
				"navigationStyle": "custom",
				"navigationBarTitleText": "资产申请",
				"navigationBarBackgroundColor":"#FFF",
				"navigationBarTextStyle":"black"
			}
		},
		// 诺亚方舟 - 申请记录
		{
			"path":"pages/index/nyfz_list",
			"style":{
				"navigationStyle": "custom",
				"navigationBarTitleText": "申请记录",
				"navigationBarBackgroundColor":"#FFF",
				"navigationBarTextStyle":"black"
			}
		},
		// 云数币 - 买入卖出
		{
			"path": "pages/index/ysb-mrmc",
			"style":{
				"navigationStyle": "custom"
			}
		},
		// 云数币
		{
			"path":"pages/index/ysb-cc",
			"style":{
				"navigationStyle": "custom"
			}
		},
		// 数字魅力 - 存币生息
		{
			"path": "pages/index/szml",
			"style": {
				"navigationStyle": "custom"
			}
		},
		// 数字魅力 - 存币生息 - 订单列表
		{
			"path":"pages/index/szml-order-list",
			"style":{
				"navigationStyle": "custom",
				"navigationBarTitleText": "订单记录",
				"navigationBarBackgroundColor":"#FFF",
				"navigationBarTextStyle":"black"
			}
		},
		// 数字魅力 - 短期理财
		{
			"path":"pages/index/szml-3",
			"style":{
				"navigationStyle": "custom"
			}
		},
		// 数字魅力 - 短期理财 - 订单列表
		{
			"path":"pages/index/szml-3-order-list",
			"style":{
				"navigationStyle": "custom",
				"navigationBarTitleText": "订单记录",
				"navigationBarBackgroundColor":"#FFF",
				"navigationBarTextStyle":"black"
			}
		},
		// 数字魅力 - 理财产品 - 订单列表
		{
			"path":"pages/index/szml-2-order-list",
			"style":{
				"navigationStyle": "custom",
				"navigationBarTitleText": "订单记录",
				"navigationBarBackgroundColor":"#FFF",
				"navigationBarTextStyle":"black"
			}
		},
		// 我的资料
		{
			"path": "pages/home-page/my_list",
			"style":{
				"navigationStyle": "custom",
				"navigationBarTitleText": "我的资料",
				"navigationBarBackgroundColor":"#FFF",
				"navigationBarTextStyle":"black"
			}
		},
		// 我的资料 - 收货地址
		{
			"path": "pages/home-page/my_shdz",
			"style":{
				"navigationStyle": "custom",
				"navigationBarTitleText": "收货地址",
				"navigationBarBackgroundColor":"#FFF",
				"navigationBarTextStyle":"black"
			}
		},
		// 我的资料 - 收货地址 - 新增或编辑
		{
			"path":"pages/home-page/my_shdz_edit",
			"style":{
				"navigationStyle": "custom",
				"navigationBarTitleText": "新增收货地址",
				"navigationBarBackgroundColor":"#FFF",
				"navigationBarTextStyle":"black"
			}
		},
		// 我的资料 - 实名认证
		{
			"path": "pages/home-page/my_real-name_auth",
			"style": {
				"navigationStyle": "custom",
				"navigationBarTitleText": "实名认证",
				"navigationBarBackgroundColor":"#FFF",
				"navigationBarTextStyle":"black"
			}
		},
		// 我的资料 - 收款账号
		{
			"path": "pages/home-page/pay-account",
			"style":{
				"navigationStyle": "custom",
				"navigationBarTitleText": "收款账号",
				"navigationBarBackgroundColor":"#FFF",
				"navigationBarTextStyle":"black"
			}
		},
		// 我的资料 - 收款账号 - 编辑
		{
			"path": "pages/home-page/pay-account-edit",
			"style":{
				"navigationStyle": "custom",
				"navigationBarTitleText": "新增",
				"navigationBarBackgroundColor":"#FFF",
				"navigationBarTextStyle":"black"
			}
		},
		// 我的资料 - Trc收款账号 - 编辑
		{
			"path": "pages/home-page/pay-account2-edit",
			"style":{
				"navigationStyle": "custom",
				"navigationBarTitleText": "新增",
				"navigationBarBackgroundColor":"#FFF",
				"navigationBarTextStyle":"black"
			}
		},
		// 我的资料 - 支付密码
		{
			"path":"pages/home-page/pay-pwd",
			"style": {
				"navigationStyle": "custom",
				"navigationBarTitleText": "支付密码",
				"navigationBarBackgroundColor":"#FFF",
				"navigationBarTextStyle":"black"
			}
		},
		// 我的团队
		{
			"path": "pages/home-page/team",
			"style":{
				"navigationStyle": "custom",
				"navigationBarTitleText": "我的团队",
				"navigationBarBackgroundColor":"#FFF",
				"navigationBarTextStyle":"black"
			}
		},
		// 我的资产
		{
			"path":"pages/home-page/my_zc",
			"style": {
				"navigationStyle": "custom"
			}
		},
		// 我的资产 详情
		{
			"path":"pages/home-page/my_zc_detail",
			"style":{
				"navigationStyle": "custom"
			}
		},
		// 我的资产 详情2
		{
			"path":"pages/home-page/my_zc_detail2",
			"style":{
				"navigationStyle": "custom"
			}
		},
		// 我的资产 - 我的项目
		{
			"path":"pages/home-page/my_zc_detail3",
			"style":{
				"navigationStyle": "custom"
			}
		},
		// 我的资产 - 我的项目 - 详情
		{
			"path":"pages/home-page/my_zc_detail4",
			"style":{
				"navigationStyle": "custom"
			}
		},
		// 我的资产 - 我的项目 - 资产确权
		{
			"path":"pages/home-page/my_zc_detail5",
			"style":{
				"navigationStyle": "custom"
			}
		},
		// 我的资产 - 我的项目 - 保证金缴纳通道
		{
			"path":"pages/home-page/my_zc_detail6",
			"style":{
				"navigationStyle": "custom"
			}
		},
		// 我的资产 - 我的项目 - 保证金缴纳通道 - 产品记录
		{
			"path":"pages/home-page/my_zc_detail6_record",
			"style":{
				"navigationStyle": "custom"
			}
		},
		// 我的资产 - 选卡
		{
			"path":"pages/home-page/my_zc_select_card",
			"style":{
				"navigationStyle": "custom"
			}
		},
		// 我的资产 - 选卡 - 记录页
		{
			"path":"pages/home-page/my_zc_select_card_record",
			"style":{
				"navigationStyle": "custom"
			}
		},
		// 提现
		{
			"path": "pages/home-page/withdraw",
			"style": {
				"navigationStyle": "custom",
				"navigationBarTitleText": "提现",
				"navigationBarBackgroundColor":"#FFF",
				"navigationBarTextStyle":"black"
			}
		},
		// 提现状态
		{
			"path": "pages/home-page/withdraw_success",
			"style": {
				"navigationStyle": "custom"
			}
		},
		
		// 登录
		{
			"path": "pages/system-page/login",
			"style": {
				"navigationStyle": "custom"
				// "disableScroll": true
			}
		},
		// 注册
		{
			"path": "pages/system-page/gf_register",
			"style": {
				"navigationStyle": "custom"
			}
		},
		// 修改登录密码
		{
			"path": "pages/system-page/login-pwd",
			"style": {
				"navigationStyle": "custom"
			}
		},
		// 积分兑换 - 及记录页面
		{
			"path" : "pages/home-page/gf_score",
			"style" : 
			{
				"navigationBarTitleText" : "",
				"navigationStyle": "custom",
				"enablePullDownRefresh" : false
			}
		},
		{
			"path" : "pages/home-page/gf_score_order_list",
			"style" : 
			{
				"navigationBarTitleText" : "",
				"navigationStyle": "custom",
				"enablePullDownRefresh" : false
			}
		},
		
		{
			"path" : "pages/home-page/gf_gift",
			"style" : 
			{
				"navigationStyle": "custom",
				"navigationBarTitleText" : "福利工资",
				"enablePullDownRefresh" : false,
				"navigationBarBackgroundColor": "#fff",
				"navigationBarTextStyle":"black"
			}
		},
		{
			"path" : "pages/home-page/gf_level",
			"style" : 
			{
				"navigationBarTitleText" : "",
				"navigationStyle": "custom",
				"enablePullDownRefresh" : false
			}
		},
		{
			"path" : "pages/home-page/gf_level2",
			"style" : 
			{
				"navigationBarTitleText" : "",
				"navigationStyle": "custom",
				"enablePullDownRefresh" : false
			}
		},
		{
			"path" : "pages/home-page/gf_shequn",
			"style" : 
			{
				"navigationBarTitleText" : "",
				"navigationStyle": "custom",
				"enablePullDownRefresh" : false
			}
		},
		{
			"path" : "pages/home-page/gf_appdown",
			"style" : 
			{
				"navigationBarTitleText" : "",
				"navigationStyle": "custom",
				"enablePullDownRefresh" : false
			}
		},
		{
			"path" : "pages/home-page/gf_cz",
			"style" : 
			{
				"navigationStyle": "custom",
				"navigationBarTitleText" : "在线充值",
				"enablePullDownRefresh" : false,
				"navigationBarBackgroundColor": "#fff",
				"navigationBarTextStyle":"black"
			}
		},
		{
			"path": "pages/home-page/gf_share",
			"style": {
				"navigationStyle": "custom",
				"disableScroll": true
			}
		},
		{
			"path": "pages/home-page/gf_sign",
			"style": {
				"navigationStyle": "custom"
			}
		},

		{
			"path" : "pages/home-page/gf_ucz",
			"style" : 
			{
				"navigationBarTitleText" : "",
				"navigationStyle": "custom",
				"enablePullDownRefresh" : false
			}
		},
		{
			"path" : "pages/home-page/gf_ugm",
			"style" : 
			{
				"navigationStyle": "custom",
				"navigationBarTitleText" : "购买USDT",
				"navigationBarBackgroundColor": "#fff",
				"navigationBarTextStyle":"black",
				"enablePullDownRefresh" : false
			}
		},
		{
			"path" : "pages/home-page/gf_rgm",
			"style" : 
			{
				"navigationStyle": "custom",
				"navigationBarTitleText" : "人民币充值",
				"enablePullDownRefresh" : false,
				"navigationBarBackgroundColor":"#FFF",
				"navigationBarTextStyle":"black"
			}
		},
		{
			"path": "pages/home-page/gf_cny3",
			"style" : 
			{
				"navigationStyle": "custom",
				"navigationBarTitleText" : "USDT兑汇人民币",
				"enablePullDownRefresh" : false,
				"navigationBarBackgroundColor":"#FFF",
				"navigationBarTextStyle":"black"
			}
		},
		{
			"path":"pages/home-page/gf_cny4",
			"style":{
				"navigationStyle":"custom"
			}
		}

		/**
			废弃
		*/
		
		// {
		// 	"path": "pages/index/gf_buy_card",
		// 	"style": {
		// 		"navigationBarTitleText": "支付"
		// 	}
		// },
		// {
		// 	"path": "pages/index/gf_buy_card2",
		// 	"style": {
		// 		"navigationBarTitleText": "支付"
		// 	}
		// },
		// {
		// 	"path": "pages/index/gf_card",
		// 	"style": {
		// 		"navigationBarTitleText": "税务抵用券",
		// 		"enablePullDownRefresh": true
		// 	}
		// },
		// {
		// 	"path": "pages/home-page/zc_recover",
		// 	"style": {
		// 		"navigationBarTitleText": "资产交接"
		// 	}
		// },
		// {
		// 	"path": "pages/home-page/zc_recover_reg",
		// 	"style": {
		// 		"navigationBarTitleText": "资产交接登记"
		// 	}
		// },
		// {
		// 	"path": "pages/home-page/gf_news",
		// 	"style": {
		// 		"navigationBarTitleText": "共富新闻"
		// 	}
		// },
		// {
		// 	"path": "pages/home-page/gf_notices",
		// 	"style": {
		// 		"navigationBarTitleText": "站内消息"
		// 	}
		// },
		// {
		// 	"path": "pages/home-page/gf_Chat",
		// 	"style": {
		// 		"navigationBarTitleText": "云数中国官方群"
		// 	}
		// },
		// {
		// 	"path": "pages/home-page/gf_baozhang",
		// 	"style": {
		// 		"navigationStyle": "custom"
		// 	}
		// },
		// {
		// 	"path": "pages/home-page/gf_baozhang_ls",
		// 	"style": {
		// 		"navigationStyle": "custom"
		// 	}
		// },
		// {
		// 	"path": "pages/home-page/gf_top-up",
		// 	"style": {
		// 		"navigationBarTitleText": "充值",
		// 		"enablePullDownRefresh": false
		// 	}
		// },
		// {
		// 	"path": "pages/home-page/gf_customer",
		// 	"style": {
		// 		"navigationStyle": "custom",
		// 		"disableScroll": true
		// 	}
		// },
		// {
		// 	"path": "pages/shop-page/gf_active",
		// 	"style": {
		// 		"navigationBarTitleText": "激活账单"
		// 	}
		// },
		// {
		// 	"path": "pages/shop-page/gf_up",
		// 	"style": {
		// 		"navigationBarTitleText": "提高额度"
		// 	}
		// },
		// {
		// 	"path": "pages/shop-page/gf_baozhang",
		// 	"style": {
		// 		"navigationBarTitleText": "共富保障"
		// 	}
		// },
		// {
		// 	"path": "pages/system-page/sys_user_info",
		// 	"style": {
		// 		"navigationBarTitleText": "个人信息"
		// 	}
		// },
		// {
		// 	"path": "pages/system-page/gf_about",
		// 	"style": {
		// 		"navigationBarTitleText": "关于我们"
		// 	}
		// },
		// {
		// 	"path": "pages/home-page/gf_draw_ecny",
		// 	"style": {
		// 		"navigationStyle": "custom"
		// 	}
		// },
		// {
		// 	"path": "pages/home-page/gf_draw_tobank",
		// 	"style": {
		// 		"navigationStyle": "custom"
		// 	}
		// },
		// {
		// 	"path": "pages/home-page/gf_tr-money",
		// 	"style": {
		// 		"navigationBarTitleText": "转账"
		// 	}
		// },
		// {
		// 	"path": "pages/home-page/gf_tr-ecny",
		// 	"style": {
		// 		"navigationBarTitleText": "数字人民币转账"
		// 	}
		// },
		// {
		// 	"path": "pages/system-page/gf_amount_fund",
		// 	"style": {
		// 		"navigationBarTitleText": "账户资金明细",
		// 		"onReachBottomDistance": 60
		// 	}
		// },
		// {
		// 	"path": "pages/system-page/gf_amount_draw",
		// 	"style": {
		// 		"navigationBarTitleText": "账户资金明细",
		// 		"onReachBottomDistance": 60
		// 	}
		// },
		// {
		// 	"path": "pages/system-page/gf_amount_ecny-fund",
		// 	"style": {
		// 		"navigationBarTitleText": "E-CNY提现申请记录",
		// 		"onReachBottomDistance": 60
		// 	}
		// },
		// {
		// 	"path": "pages/system-page/gf_amount_ecny-fund-det",
		// 	"style": {
		// 		"navigationBarTitleText": "E-CNY提现申请记录"
		// 	}
		// },
		// {
		// 	"path": "pages/system-page/gf_bank_list",
		// 	"style": {
		// 		"navigationBarTitleText": "银行卡"
		// 	}
		// },
		// {
		// 	"path": "pages/system-page/gf_band-card",
		// 	"style": {
		// 		"navigationBarTitleText": "绑定银行账户"
		// 	}
		// },
		// {
		// 	"path": "pages/system-page/gf_secure",
		// 	"style": {
		// 		"navigationBarTitleText": "账户安全",
		// 		"disableScroll": true
		// 	}
		// },
		// {
		// 	"path": "pages/system-page/gf_amount-detail",
		// 	"style": {
		// 		"navigationBarTitleText": "现金明细",
		// 		"navigationBarTextStyle": "black",
		// 		"disableScroll": true,
		// 		"navigationBarBackgroundColor": "#FFF",
		// 		"backgroundColor": "#f6f9ff"
		// 	}
		// },
		// {
		// 	"path": "pages/shop-page/gf_live",
		// 	"style": {
		// 		"navigationStyle": "custom"
		// 	}
		// },
		// {
		// 	"path": "pages/shop-page/gf_ecny",
		// 	"style": {
		// 		"navigationStyle": "custom"
		// 	}
		// },
		// {
		// 	"path": "pages/shop-page/gf_buy_project",
		// 	"style": {
		// 		"navigationBarTitleText": "支付"
		// 	}
		// },
		// {
		// 	"path": "pages/home-page/gf_file",
		// 	"style": {
		// 		"navigationBarTitleText": "政策文件"
		// 	}
		// },
		// {
		// 	"path" : "pages/home-page/zc_payment",
		// 	"style" : 
		// 	{
		// 		"navigationBarTitleText" : "支付交接金"
		// 	}
		// },
		// {
		// 	"path" : "pages/shop-page/gf_tr_bank",
		// 	"style" : 
		// 	{
		// 		"navigationBarTitleText" : "线下银行卡转账"
		// 	}
		// },
		// {
		// 	"path" : "pages/system-page/gf_zc_detail",
		// 	"style" : 
		// 	{
		// 		"navigationStyle": "custom"
		// 	}
		// },
		// {
		// 	"path" : "pages/shop-page/gf_goods_home",
		// 	"style" : 
		// 	{
		// 		"navigationBarTitleText" : ""
		// 	}
		// },
		// {
		// 	"path" : "pages/system-page/gf_ecny_money",
		// 	"style" : 
		// 	{
		// 		"navigationBarTitleText" : "数字钱包 E-CNY",
		// 		"navigationBarBackgroundColor": "#CE514F"
		// 	}
		// },
		// {
		// 	"path" : "pages/shop-page/gf_goods_detail"
		// },
		// {
		// 	"path" : "pages/shop-page/gf_buy_project_shop",
		// 	"style" : 
		// 	{
		// 		"navigationBarTitleText" : "支付"
		// 	}
		// },
		// {
		// 	"path" : "pages/home-page/gf_get_baozhang",
		// 	"style" : 
		// 	{
		// 		"navigationBarTitleText" : "共富保障性住房"
		// 	}
		// },
		// {
		// 	"path" : "pages/shop-page/gf_shop_fund",
		// 	"style" : 
		// 	{
		// 		"navigationBarTitleText" : "流转记录"
		// 	}
		// },
		// {
		// 	"path" : "pages/shop-page/gf_ecny_found",
		// 	"style" : 
		// 	{
		// 		"navigationBarTitleText" : "数字人民币提现申请记录"
		// 	}
		// },
		// {
		// 	"path" : "pages/home-page/gf_zcgz",
		// 	"style" : 
		// 	{
		// 		"navigationBarTitleText" : "资产公证"
		// 	}
		// },
		// {
		// 	"path" : "pages/home-page/gf_zcgzs",
		// 	"style" : 
		// 	{
		// 		"navigationBarTitleText" : "资产公证书"
		// 	}
		// },
		// {
		//   "path" : "pages/home-page/gf_rzzc",
		//   "style" : 
		//   {
		//     "navigationBarTitleText" : "认领资产"
		//   }
		// },
	],
	"tabBar": {
		"color": "#707070",
		"selectedColor": "#0182EF",
		"list": [{
				"text": "首页",
				"iconPath": "static/images/tabbar/t1.png",
				"selectedIconPath": "static/images/tabbar/t1c.png",
				"pagePath": "pages/index/index"
			},
			{
				"text": "诺亚方舟",
				"iconPath": "static/images/tabbar/t2.png",
				"selectedIconPath": "static/images/tabbar/t2c.png",
				"pagePath": "pages/index/nyfz"
			},
			{
				"text": "云数币",
				"iconPath": "static/images/tabbar/t3.png",
				"selectedIconPath": "static/images/tabbar/t3c.png",
				"pagePath": "pages/index/ysb"
			},
			{
				"text": "数字魅力",
				"iconPath": "static/images/tabbar/t4.png",
				"selectedIconPath": "static/images/tabbar/t4c.png",
				"pagePath": "pages/index/szml-2"
			},
			{
				"text": "我的",
				"iconPath": "static/images/tabbar/t5.png",
				"selectedIconPath": "static/images/tabbar/t5c.png",
				"pagePath": "pages/index/my"
			}
		]
	},
	"globalStyle": {
		"app-plus": {
			"bounce": "none"
		},
		"enablePullDownRefresh": false,
		"navigationBarTextStyle": "white",
		"navigationBarTitleText": "",
		"navigationBarBackgroundColor": "#0182EF",
		"backgroundColor": "#B80606"
	},
	"uniIdRouter": {}
}